temperature,ph,ec,p,soil,log10_ec,log10_p,shootdw,speciesno
,5.12,309,12.809665,1,2.489958479,1.107537772,0.0481,1
350,5.2,229,12.70681,1,2.359835482,1.104036536,0.0807,1
350,5.81,607,36.36346,1,2.783188691,1.5606652,0.0722,1
350,5.76,406,51.071725,1,2.608526034,1.708180527,0.0707,1
350,5.36,199,12.192535,1,2.298853076,1.086094011,0.0629,1
350,5.44,396,26.592235,1,2.597695186,1.42475484,0.0588,1
350,5.4,248,15.79246,1,2.394451681,1.198449786,0.062,1
500,5.24,234,14.35249,1,2.369215857,1.156927253,0.0528,1
500,5.87,545,44.38615,1,2.736396502,1.647247476,0.0749,1
500,5.87,406,58.69571,1,2.608526034,1.76860636,0.0659,1
500,5.3,194,13.085635,1,2.28780173,1.116794802,0.0574,1
500,5.7,379,28.20116,1,2.57863921,1.450266973,0.0675,1
500,5.22,321,16.212985,1,2.506505032,1.209862981,0.0467,1
700,5.37,197,12.251675,1,2.294466226,1.088195468,0.0743,1
700,6.02,496,36.228025,1,2.695481676,1.559044659,0.0767,1
700,5.92,318,59.73816,1,2.50242712,1.776251842,0.0994,1
700,5.31,219,12.7729,1,2.340444115,1.106289512,0.052,1
700,5.15,300,26.32475,1,2.477121255,1.420364255,0.1046,1
700,5.54,263,17.7227,1,2.419955748,1.248529886,0.079,1
,5.94,126,3.295338,0,2.100370545,0.517899966,0.0816,1
350,6.06,169,2.719042,0,2.227886705,0.434415916,0.061,1
350,6.92,531,28.10552,0,2.725094521,1.448791625,0.0652,1
350,6.69,381,44.46821,0,2.580924976,1.648049648,0.064,1
350,6.31,155,2.657296,0,2.190331698,0.424439934,0.0642,1
350,6.91,360,17.29997,0,2.556302501,1.23804535,0.0769,1
350,6.27,180,6.362056,0,2.255272505,0.803597488,0.0644,1
500,5.82,122,2.966026,0,2.086359831,0.472174954,0.0854,1
500,7.5,684,34.0743,0,2.835056102,1.532426943,0.0769,1
500,6.41,388,,0,2.588831726,,0.0612,1
500,5.95,183,3.984845,0,2.26245109,0.600411433,0.0614,1
500,6.96,264,18.688525,0,2.421603927,1.271575026,0.0638,1
500,6.24,143,7.83611,0,2.155336037,0.894100524,0.0719,1
700,6.3,109,3.161045,0,2.037426498,0.499830678,0.0777,1
700,7.3,577,30.37475,0,2.761175813,1.482512712,0.0565,1
700,6.42,197,53.6471,0,2.294466226,1.72954625,0.0728,1
700,6.17,128,4.00544,0,2.10720997,0.602650231,0.0845,1
700,6.98,333,18.7915,0,2.522444234,1.273961448,0.0705,1
700,6.1,152,5.673635,0,2.181843588,0.753861393,0.1458,1
,5.2,323,11.575405,1,2.509202522,1.063536195,0.065,1
350,5.17,237,14.249635,1,2.374748346,1.15380374,0.0678,1
350,5.7,434,37.906285,1,2.63748973,1.578711224,0.0807,1
350,5.65,391,48.603205,1,2.592176757,1.686664909,0.0863,1
350,5.16,249,12.603955,1,2.396199347,1.100506844,0.0692,1
350,5.59,377,25.357975,1,2.57634135,1.404114569,0.0781,1
350,5.34,257,16.512445,1,2.409933123,1.217811384,0.0892,1
500,5.33,184,14.043925,1,2.264817823,1.147488501,0.061,1
500,5.91,579,43.97473,1,2.762678564,1.643203182,0.0668,1
500,5.81,354,62.03155,1,2.549003262,1.792612633,0.0926,1
500,6.03,272,13.085635,1,2.434568904,1.116794802,0.0603,1
500,5.62,400,27.57569,1,2.602059991,1.440526388,0.0694,1
500,5.55,210,16.10874,1,2.322219295,1.207061572,0.0681,1
700,5.38,164,11.834695,1,2.214843848,1.07315707,0.079,1
700,5.96,540,37.270475,1,2.73239376,1.571364928,0.0847,1
700,5.68,362,57.86175,1,2.558708571,1.762391565,0.058,1
700,5.42,213,12.251675,1,2.328379603,1.088195468,0.0685,1
700,5.75,325,27.15871,1,2.511883361,1.433909138,0.0862,1
700,5.5,203,14.6354,1,2.307496038,1.165404597,0.0604,1
,6.31,134,2.327984,0,2.127104798,0.366979991,0.063,1
350,5.73,150,3.336502,0,2.176091259,0.52329139,0.0796,1
350,6.7,501,26.15023,0,2.699837726,1.417475513,0.0712,1
350,6.54,263,37.26451,0,2.419955748,1.571295415,0.1068,1
350,6.33,167,3.274756,0,2.222716471,0.515178947,0.0668,1
350,6.47,257,16.16796,0,2.409933123,1.208655226,0.0704,1
350,6.37,158,5.868088,0,2.198657087,0.768496618,0.0849,1
500,6.48,151,3.068936,0,2.178976947,0.486987832,0.0663,1
500,6.79,468,35.00049,0,2.670245853,1.544074124,0.08,1
500,6.79,346,58.178,0,2.539076099,1.764758787,0.0739,1
500,6.3,155,2.60498,0,2.190331698,0.415804393,0.0658,1
500,6.5,203,17.76175,0,2.307496038,1.249485753,0.066,1
500,6.18,154,7.30064,0,2.187520721,0.863360934,0.0796,1
700,6.85,93,3.14045,0,1.968482949,0.496991883,0.0731,1
700,7.74,699,30.1688,0,2.844477176,1.479558036,0.0718,1
700,6.64,233,53.44115,0,2.367355921,1.727875795,0.0703,1
700,6.38,128,3.46997,0,2.10720997,0.54032572,0.0892,1
700,6.9,263,18.482575,0,2.419955748,1.266762477,0.0691,1
700,6.65,188,6.003155,0,2.274157849,0.778379557,0.0663,1
,5.35,199,12.70681,1,2.298853076,1.104036536,0.0761,1
350,5.12,231,13.838215,1,2.36361198,1.141080074,0.0579,1
350,5.85,512,37.494865,1,2.709269961,1.573971794,0.0705,1
350,5.69,381,52.61455,1,2.580924976,1.72110586,0.0396,1
350,5.25,245,12.70681,1,2.389166084,1.104036536,0.0586,1
350,5.66,240,25.152265,1,2.380211242,1.4005771,0.0873,1
350,5.56,201,15.895315,1,2.303196057,1.201269139,0.0884,1
500,5.4,173,13.426795,1,2.238046103,1.127972358,0.0575,1
500,5.86,604,43.871875,1,2.781036939,1.642186196,0.0813,1
500,5.85,340,59.73816,1,2.531478917,1.776251842,0.0645,1
500,5.19,208,12.668655,1,2.318063335,1.102730509,0.067,1
500,5.65,357,27.3672,1,2.552668216,1.437230366,0.074,1
500,5.34,260,17.463925,1,2.414973348,1.242141858,0.0694,1
700,5.33,203,12.35592,1,2.307496038,1.091875088,0.074,1
700,6.01,554,37.895945,1,2.743509765,1.578592741,0.0956,1
700,5.97,275,56.61081,1,2.439332694,1.752899369,0.0886,1
700,5.43,154,13.085635,1,2.187520721,1.116794802,0.0669,1
700,5.92,282,26.53324,1,2.450249108,1.423790285,0.0603,1
700,5.69,165,15.87032,1,2.217483944,1.200585684,0.0621,1
,6.37,105,3.171846,0,2.021189299,0.501312093,0.0858,1
350,6.08,196,3.398248,0,2.292256071,0.53125507,0.0666,1
350,6.77,345,26.25314,0,2.537819095,1.419181255,0.0784,1
350,6.6,271,42.41001,0,2.432969291,1.627468375,0.0885,1
350,6.18,120,3.027772,0,2.079181246,0.481123168,0.1159,1
350,6.69,394,18.6378,0,2.595496222,1.270394647,0.0571,1
350,6.23,109,6.012162,0,2.037426498,0.779030674,0.0883,1
500,6.3,153,3.048354,0,2.184691431,0.484065399,0.0519,1
500,7.34,665,32.32483,0,2.822821645,1.50953625,0.0846,1
500,6.68,401,57.97205,0,2.603144373,1.763218658,0.0724,1
500,6.36,126,4.29377,0,2.100370545,0.632838777,0.0774,1
500,7.09,225,18.7915,0,2.352182518,1.273961448,0.0594,1
500,5.94,121,7.897895,0,2.08278537,0.897511356,0.0866,1
700,6.31,117,3.51116,0,2.068185862,0.54545062,0.0568,1
700,7.57,500,28.31525,0,2.698970004,1.4520204,0.0784,1
700,6.78,211,47.8805,0,2.324282455,1.680158677,0.069,1
700,6.46,140,3.42878,0,2.146128036,0.53513962,0.0688,1
700,7.14,252,17.76175,0,2.401400541,1.249485753,0.0732,1
700,6.4,144,7.4654,0,2.158362492,0.873053082,0.0693,1
,5.34,180,12.603955,1,2.255272505,1.100506844,0.0642,1
350,5.01,292,13.632505,1,2.465382851,1.134575666,0.0807,1
350,5.93,509,37.906285,1,2.706717782,1.578711224,0.08,1
350,5.7,276,50.96887,1,2.440909082,1.707305005,0.1221,1
350,5.11,274,13.73536,1,2.437750563,1.137840047,0.0556,1
350,5.54,292,25.46083,1,2.465382851,1.405872557,0.0906,1
350,5.26,294,18.46669,1,2.46834733,1.266389059,0.0475,1
500,5.25,204,13.221085,1,2.309630167,1.121267097,0.1111,1
500,5.88,624,46.134685,1,2.79518459,1.66402756,0.0821,1
500,5.79,376,64.95041,1,2.575187845,1.812581897,0.0594,1
500,5.12,340,14.336575,1,2.531478917,1.156445411,0.046,1
500,5.72,294,26.11626,1,2.46834733,1.416910984,0.0967,1
500,5.62,198,16.10874,1,2.29666519,1.207061572,0.0778,1
700,5.31,201,12.251675,1,2.303196057,1.088195468,0.074,1
700,6.02,603,36.019535,1,2.780317312,1.556538102,0.0656,1
700,5.82,300,56.8193,1,2.477121255,1.754495879,0.0752,1
700,5.14,251,13.502615,1,2.399673721,1.130417885,0.0499,1
700,5.73,311,28.20116,1,2.492760389,1.450266973,0.0716,1
700,5.49,317,16.28196,1,2.501059262,1.211706683,0.0601,1
,6.27,111,2.924862,0,2.045322979,0.46610538,0.075,1
350,6.11,157,3.233592,0,2.195899652,0.509685222,0.0699,1
350,7.12,556,28.9288,0,2.745074792,1.461330419,0.0611,1
350,6.5,241,43.43911,0,2.382017043,1.637880919,0.085,1
350,6.06,121,3.151264,0,2.08278537,0.498484788,0.0823,1
350,6.63,281,18.22616,0,2.44870632,1.260695178,0.0839,1
350,6.35,126,6.423802,0,2.100370545,0.807792146,0.0778,1
500,6.29,131,3.480576,0,2.117271296,0.541651121,0.0606,1
500,7.29,474,34.79467,0,2.675778342,1.541512722,0.066,1
500,6.76,379,60.2375,0,2.57863921,1.779866939,0.0585,1
500,6.37,101,3.408185,0,2.004321374,0.532523161,0.0893,1
500,7.15,199,18.894475,0,2.298853076,1.276334829,0.0762,1
500,6.41,138,7.362425,0,2.139879086,0.867020884,0.0847,1
700,6.33,123,3.325805,0,2.089905111,0.521896782,0.0639,1
700,7.46,280,29.13905,0,2.447158031,1.464475389,0.0796,1
700,6.98,168,54.4709,0,2.225309282,1.736164551,0.0588,1
700,6.63,106,4.190795,0,2.025305865,0.622296417,0.0946,1
700,6.61,308,17.5558,0,2.488550717,1.244420625,0.0656,1
700,6.9,157,6.167915,0,2.195899652,0.79013838,0.0753,1
,5.18,243,13.9256,1,2.385606274,1.143813916,0.007,2
350,5.37,220,12.8876,1,2.342422681,1.110172048,0.0075,2
350,5.9,545,40.2908,1,2.736396502,1.605205891,0.009,2
350,5.94,376,55.5494,1,2.575187845,1.744679372,0.0114,2
350,5.48,173,13.8218,1,2.238046103,1.140564604,0.0074,2
350,5.59,466,27.8348,1,2.668385917,1.444588105,0.0072,2
350,,,,1,,,0.0046,2
500,5.57,151,14.3408,1,2.178976947,1.156573379,0.0084,2
500,5.94,710,46.3112,1,2.851258349,1.665686034,0.0138,2
500,6.07,354,59.43676,1,2.549003262,1.774055127,0.0117,2
500,5.36,161,13.05326,1,2.206825876,1.115718989,0.0068,2
500,5.88,331,27.77582,1,2.519827994,1.443666889,0.0089,2
500,5.44,215,17.65406,1,2.33243846,1.246844598,0.0105,2
700,5.7,178,12.95102,1,2.250420002,1.112303974,0.0089,2
700,6.23,588,40.55582,1,2.769377326,1.608053187,0.0113,2
700,,,,1,,,0.0092,2
700,5.47,151,13.76894,1,2.178976947,1.138900507,0.01,2
700,5.94,327,25.32206,1,2.514547753,1.403499034,0.0094,2
700,5.7,224,15.81374,1,2.350248018,1.199034594,0.0066,2
,6.35,108,3.13735,0,2.033423755,0.496562971,0.0077,2
350,6.45,109,2.93148,0,2.037426498,0.467086936,0.0048,2
350,7.44,467,30.50939,0,2.669316881,1.484433525,0.007,2
350,7.04,299,53.669765,0,2.475671188,1.729729694,0.0057,2
350,6.64,117,2.93148,0,2.068185862,0.467086936,0.0048,2
350,7.05,316,21.142305,0,2.499687083,1.325152334,0.0064,2
350,6.64,150,6.101878,0,2.176091259,0.78546352,0.0086,2
500,6.31,118,3.157937,0,2.071882007,0.499403462,0.0073,2
500,7.77,596,39.15593,0,2.77524626,1.592797543,0.0061,2
500,7.18,317,66.78314,0,2.501059262,1.824666835,0.0029,2
500,6.95,114,3.067301,0,2.056904851,0.486756396,0.006,2
500,7.38,295,19.93753,0,2.469822016,1.299671354,0.0065,2
500,6.83,169,7.463836,0,2.227886705,0.872962088,0.0084,2
700,6.46,83,2.515178,0,1.919078092,0.400568726,0.006,2
700,7.87,478,33.12689,0,2.679427897,1.520180666,0.007,2
700,6.81,188,59.71059,0,2.274157849,1.776051362,0.0041,2
700,6.45,84,3.128648,0,1.924279286,0.495356704,0.0076,2
700,7.63,250,18.91508,0,2.397940009,1.276808182,0.0049,2
700,6.59,172,6.891264,0,2.235528447,0.838298888,0.007,2
,5.2,194,13.0952,1,2.28780173,1.117112136,0.0083,2
350,5.3,215,12.4724,1,2.33243846,1.095950031,0.0089,2
350,5.74,610,42.0554,1,2.785329835,1.623821768,0.0101,2
350,5.93,353,50.7746,1,2.547774705,1.705646511,0.0121,2
350,5.15,220,11.8496,1,2.342422681,1.07370369,0.0145,2
350,5.67,441,28.769,1,2.644438589,1.458924766,0.0096,2
350,5.38,268,16.6244,1,2.428134794,1.22074598,0.0082,2
500,5.45,200,13.199,1,2.301029996,1.120541029,0.0064,2
500,6.23,707,52.124,1,2.849419414,1.717037736,0.0124,2
500,5.92,400,60.86812,1,2.602059991,1.784389888,0.0079,2
500,5.59,175,13.05326,1,2.243038049,1.115718989,0.0081,2
500,5.69,389,30.0251,1,2.589949601,1.477484463,0.0068,2
500,5.65,214,16.63166,1,2.330413773,1.220935598,0.0099,2
700,5.44,199,12.54206,1,2.298853076,1.098368874,0.0086,2
700,,,,1,,,0.0121,2
700,5.92,297,63.32188,1,2.472756449,1.8015538,0.0082,2
700,5.6,145,12.43982,1,2.161368002,1.094814096,0.0116,2
700,6.03,306,24.09518,1,2.485721426,1.381930175,0.0099,2
700,5.56,205,16.7339,1,2.311753861,1.223597169,0.0099,2
,6.72,121,2.890306,0,2.08278537,0.460943824,0.004,2
350,6.34,120,3.302046,0,2.079181246,0.518783119,0.0063,2
350,7.35,548,31.33287,0,2.738780558,1.496000177,0.009,2
350,6.96,286,48.42008,0,2.456366033,1.685025503,0.0082,2
350,6.82,118,2.828545,0,2.071882007,0.451563092,0.0052,2
350,7.01,316,20.730565,0,2.499687083,1.316611139,0.0062,2
350,6.56,182,6.904771,0,2.260071388,0.83914928,0.0047,2
500,6.76,124,3.157937,0,2.093421685,0.499403462,0.0065,2
500,7.46,586,39.97941,0,2.767897616,1.601836381,0.0088,2
500,7.1,330,62.254,0,2.51851394,1.794167261,0.0061,2
500,6.61,113,2.821913,0,2.053078443,0.45054362,0.0049,2
500,7.42,321,20.857735,0,2.506505032,1.319267145,0.0063,2
500,6.71,164,7.566081,0,2.214843848,0.878870986,0.007,2
700,7.15,98,2.47428,0,1.991226076,0.393448845,0.0053,2
700,,,,0,,,0.0069,2
700,6.86,191,55.4163,0,2.281033367,1.743637526,0.0041,2
700,6.8,115,3.476281,0,2.06069784,0.541114875,0.003,2
700,7.69,276,18.91508,0,2.440909082,1.276808182,0.0059,2
700,7.16,113,7.320693,0,2.053078443,0.864552195,0.01,2
,5.22,217,12.3686,1,2.336459734,1.092320545,0.0102,2
350,5.35,178,13.4066,1,2.250420002,1.127318652,0.0127,2
350,5.89,460,35.1008,1,2.662757832,1.545317015,0.015,2
350,5.72,294,48.3872,1,2.46834733,1.684730492,0.0092,2
350,5.41,204,13.5104,1,2.309630167,1.130668207,0.0066,2
350,,,,1,,,0.0141,2
350,5.48,268,18.0776,1,2.428134794,1.257140773,0.0106,2
500,5.44,144,12.4724,1,2.158362492,1.095950031,0.0105,2
500,6.15,710,47.6606,1,2.851258349,1.678159505,0.0136,2
500,5.95,405,61.48156,1,2.607455023,1.788744879,0.011,2
500,5.4,175,12.1331,1,2.243038049,1.083971777,0.0098,2
500,5.85,354,27.77582,1,2.549003262,1.443666889,0.0125,2
500,5.66,208,16.42718,1,2.318063335,1.215563016,0.011,2
700,5.7,173,12.74654,1,2.238046103,1.105392313,0.0106,2
700,6.12,575,41.16926,1,2.759667845,1.614573061,0.0109,2
700,5.99,249,53.9158,1,2.396199347,1.731716054,0.0103,2
700,5.41,159,11.72414,1,2.201397124,1.069080996,0.008,2
700,5.83,351,27.87806,1,2.545307116,1.445262548,0.009,2
700,5.86,186,15.7115,1,2.269512944,1.19621765,0.0084,2
,6.6,105,3.116763,0,2.021189299,0.49370378,0.007,2
350,6.8,128,2.993241,0,2.10720997,0.476141685,0.0055,2
350,7.35,367,32.77396,0,2.564666064,1.515528919,0.0069,2
350,7.11,256,49.44943,0,2.408239965,1.69416129,0.0045,2
350,6.44,96,3.260872,0,1.982271233,0.513333752,0.0083,2
350,6.92,341,19.907085,0,2.532754379,1.299007671,0.0078,2
350,6.79,154,6.143052,0,2.187520721,0.788384192,0.009,2
500,6.7,112,3.260872,0,2.049218023,0.513333752,0.0078,2
500,7.61,585,37.611905,0,2.767155866,1.57532533,0.0065,2
500,7.06,283,64.93031,0,2.451786436,1.812447476,0.007,2
500,6.66,113,3.312689,0,2.053078443,0.520180666,0.0053,2
500,7.4,247,20.653245,0,2.392696953,1.314988297,0.0038,2
500,6.98,153,7.893265,0,2.184691431,0.897256684,0.0054,2
700,6.39,91,2.985505,0,1.959041392,0.475017803,0.0051,2
700,7.9,423,34.35383,0,2.626340367,1.535975162,0.0054,2
700,7.04,165,55.62079,0,2.217483944,1.745237153,0.0044,2
700,6.72,95,3.476281,0,1.977723605,0.541114875,0.0099,2
700,7.52,277,18.199365,0,2.442479769,1.260056235,0.0066,2
700,6.59,151,7.422938,0,2.178976947,0.870575833,0.0065,2
,5.3,233,13.0952,1,2.367355921,1.117112136,0.0082,2
350,5.34,218,13.718,1,2.338456494,1.137290799,0.0112,2
350,5.6,475,31.4678,1,2.67669361,1.497866381,0.0093,2
350,6.24,338,57.0026,1,2.5289167,1.755894665,0.0102,2
350,5.29,201,13.3028,1,2.303196057,1.123943062,0.0101,2
350,5.9,428,20.5688,1,2.631443769,1.313208955,0.0123,2
350,5.31,263,15.6902,1,2.419955748,1.195628479,0.0076,2
500,5.35,156,13.0952,1,2.193124598,1.117112136,0.0093,2
500,5.99,624,44.6504,1,2.79518459,1.649825354,0.0118,2
500,5.77,351,55.14268,1,2.545307116,1.74148787,0.0069,2
500,5.35,191,12.23534,1,2.281033367,1.087616042,0.0068,2
500,5.83,437,32.47886,1,2.640481437,1.511600777,0.0123,2
500,5.6,213,16.93838,1,2.328379603,1.228871872,0.0136,2
700,5.43,195,13.46222,1,2.290034611,1.129116684,0.0112,2
700,6.06,623,41.16926,1,2.794488047,1.614573061,0.0101,2
700,5.89,295,58.61884,1,2.469822016,1.76803722,0.0081,2
700,5.51,142,12.43982,1,2.152288344,1.094814096,0.0104,2
700,5.87,363,26.34446,1,2.559906625,1.420689301,0.0083,2
700,5.47,200,15.91598,1,2.301029996,1.201833385,0.0081,2
,6.67,115,3.178524,0,2.06069784,0.502225495,0.0101,2
350,6.65,123,2.910893,0,2.089905111,0.464026242,0.0031,2
350,7.34,477,27.112535,0,2.678518379,1.433170126,0.0064,2
350,6.84,287,45.229095,0,2.457881897,1.655417898,0.01,2
350,6.51,113,2.972654,0,2.053078443,0.473144363,0.0066,2
350,6.99,376,18.260125,0,2.575187845,1.261503746,0.0073,2
350,6.66,160,6.801836,0,2.204119983,0.832626156,0.0074,2
500,6.67,106,3.363807,0,2.025305865,0.52683107,0.0054,2
500,7.57,482,39.876475,0,2.683047038,1.600716761,0.0087,2
500,7.08,300,62.87161,0,2.477121255,1.798454582,0.0077,2
500,6.34,112,3.230893,0,2.049218023,0.509322575,0.0055,2
500,7.45,270,19.630795,0,2.431363764,1.292937888,0.0069,2
500,6.47,169,7.831918,0,2.227886705,0.893868132,0.0065,2
700,6.52,96,2.392484,0,1.982271233,0.378849042,0.0063,2
700,7.94,560,33.74036,0,2.748188027,1.528149712,0.005,2
700,6.8,198,53.57589,0,2.29666519,1.728969394,0.0077,2
700,6.72,100,3.230893,0,2,0.509322575,0.0048,2
700,7.44,242,24.43631,0,2.383815366,1.388035626,0.0057,2
700,7.2,157,6.666325,0,2.195899652,0.823886483,0.0063,2
,4.61,459,17.3043,1,2.661812686,1.238154036,0.3848,3
350,4.59,432,,1,2.635483747,,0.3584,3
350,5.17,304,35.10974,1,2.482873584,1.545427613,0.4253,3
350,5.15,261,48.46382,1,2.416640507,1.685417643,0.3949,3
350,4.84,269,13.6811,1,2.42975228,1.136121017,0.415,3
350,4.82,443,28.79502,1,2.646403726,1.459317385,0.3866,3
350,4.82,264,19.58174,1,2.421603927,1.29185128,0.3341,3
500,4.79,283,16.99374,1,2.451786436,1.230288969,0.3678,3
500,5.41,336,48.67086,1,2.526339277,1.68726902,0.4481,3
500,5.38,335,56.97661,1,2.525044807,1.755696606,0.3599,3
500,4.82,270,15.389975,1,2.431363764,1.187237914,0.3606,3
500,5.21,210,25.2657,1,2.322219295,1.402531335,0.3941,3
500,4.85,206,16.11766,1,2.31386722,1.20730199,0.3869,3
700,4.72,403,18.716535,1,2.605305046,1.272225451,0.318,3
700,5.44,293,35.349335,1,2.46686762,1.548381248,0.4152,3
700,5.67,224,58.22407,1,2.350248018,1.76510256,0.3412,3
700,4.81,264,13.726695,1,2.421603927,1.137565984,0.3539,3
700,5.1,304,26.30525,1,2.482873584,1.420042434,0.3921,3
700,4.83,371,18.74589,1,2.56937391,1.272906064,0.4001,3
,5.35,134,3.717925,0,2.127104798,0.570300625,0.3864,3
350,5.35,187,6.461982,0,2.271841607,0.810365744,0.357,3
350,6.29,245,22.569555,0,2.389166084,1.353522996,0.4001,3
350,6.3,234,35.137755,0,2.369215857,1.54577401,0.3833,3
350,5.56,130,3.466561,0,2.113943352,0.539898847,0.3331,3
350,6.18,250,15.97125,0,2.397940009,1.203338908,0.3355,3
350,5.47,148,5.749784,0,2.170261715,0.75965153,0.3814,3
500,5.1,150,3.82266,0,2.176091259,0.582365672,0.4063,3
500,6.8,287,33.043055,0,2.457881897,1.519080193,0.3831,3
500,6.5,238,54.74492,0,2.376576957,1.738343825,0.3339,3
500,5.45,113,3.646556,0,2.053078443,0.561882887,0.3333,3
500,5.76,214,18.23278,0,2.330413773,1.260852892,0.3983,3
500,5.55,138,8.091764,0,2.139879086,0.908043208,0.3748,3
700,5.81,142,6.90776,0,2.152288344,0.83933724,0.3187,3
700,6.75,243,25.87184,0,2.385606274,1.412827317,0.3175,3
700,5.81,164,42.28172,0,2.214843848,1.626152646,0.3377,3
700,5.44,125,4.498208,0,2.096910013,0.653039534,0.3337,3
700,6.26,152,18.4405,0,2.181843588,1.265772692,0.3373,3
700,5.5,189,8.3618,0,2.276461804,0.922299776,0.2944,3
,4.66,255,14.50926,1,2.40654018,1.161645263,0.3864,3
350,4.62,377,18.65006,1,2.57634135,1.270680233,0.3218,3
350,5.08,573,39.87166,1,2.758154622,1.600664317,0.3314,3
350,5.08,365,50.53422,1,2.562292864,1.703585567,0.3893,3
350,4.63,335,18.65006,1,2.525044807,1.270680233,0.4114,3
350,4.91,313,26.51758,1,2.495544338,1.423533888,0.4105,3
350,4.61,438,21.85918,1,2.641474111,1.339633866,0.3244,3
500,4.61,378,,1,2.5774918,,0.3827,3
500,5.35,415,48.77438,1,2.618048097,1.688191758,0.4165,3
500,5.19,438,57.60034,1,2.641474111,1.760425047,0.4009,3
500,4.64,268,12.16737,1,2.428134794,1.085196715,0.3884,3
500,5.01,384,30.775315,1,2.584331224,1.488202507,0.3935,3
500,4.92,207,15.07811,1,2.315970345,1.178346907,0.405,3
700,4.64,381,16.429525,1,2.580924976,1.215625008,0.3924,3
700,5.41,278,36.90866,1,2.444044796,1.567128278,0.4001,3
700,5.18,448,56.97661,1,2.651278014,1.755696606,0.384,3
700,4.5,278,13.83065,1,2.444044796,1.140842591,0.3779,3
700,4.98,342,28.072485,1,2.534026106,1.448280858,0.3928,3
700,4.85,367,19.79324,1,2.564666064,1.296516891,0.3485,3
,5.6,135,3.529402,0,2.130333768,0.547701127,0.3414,3
350,5.25,178,6.713346,0,2.250420002,0.826939031,0.4261,3
350,6.03,313,26.23528,0,2.495544338,1.418885704,0.361,3
350,5.95,264,33.043055,0,2.421603927,1.519080193,0.3545,3
350,5.44,151,4.807169,0,2.178976947,0.68188939,0.358,3
350,5.79,209,13.24814,0,2.320146286,1.122154909,0.3614,3
350,5.36,203,7.216074,0,2.307496038,0.858300978,0.332,3
500,5.51,139,3.864554,0,2.1430148,0.58709938,0.3972,3
500,6.22,266,31.995705,0,2.424881637,1.505091684,0.4032,3
500,5.99,248,54.74492,0,2.394451681,1.738343825,0.3747,3
500,5.52,126,4.248944,0,2.100370545,0.628281007,0.3116,3
500,5.69,267,16.98646,0,2.426511261,1.230102881,0.3772,3
500,5.38,154,7.343972,0,2.187520721,0.865931012,0.3634,3
700,5.77,131,4.124312,0,2.117271296,0.615351512,0.3333,3
700,7.09,261,28.77992,0,2.416640507,1.459089582,0.3931,3
700,5.97,146,50.59052,0,2.164352856,1.704069143,0.4029,3
700,5.4,145,4.041224,0,2.161368002,0.606512924,0.342,3
700,6.45,136,16.8826,0,2.133538908,1.227439331,0.3565,3
700,5.94,145,7.759412,0,2.161368002,0.889828812,0.3569,3
,4.75,340,17.92542,1,2.531478917,1.25346934,0.3247,3
350,4.75,259,14.09518,1,2.413299764,1.149070626,0.3357,3
350,5.23,365,37.4907,1,2.562292864,1.573923549,0.3595,3
350,5.26,373,50.32718,1,2.571708832,1.701802596,0.3238,3
350,4.72,320,17.51134,1,2.505149978,1.24331938,0.3305,3
350,4.86,277,27.75982,1,2.442479769,1.443416646,0.4116,3
350,4.83,295,20.4099,1,2.469822016,1.309840877,0.3676,3
500,4.61,201,12.097,1,2.303196057,1.082677681,0.373,3
500,5.59,295,45.46174,1,2.469822016,1.657646054,0.3634,3
500,5.38,392,58.8478,1,2.593286067,1.769730232,0.3926,3
500,4.71,258,12.37528,1,2.411619706,1.092555034,0.372,3
500,5.1,374,29.21599,1,2.572871602,1.465620607,0.3919,3
500,5,199,15.70184,1,2.298853076,1.195950548,0.3744,3
700,4.93,314,16.9493,1,2.496929648,1.229151767,0.3409,3
700,5.58,373,36.28493,1,2.571708832,1.55972629,0.3977,3
700,5.45,241,54.6896,1,2.382017043,1.737904747,0.3855,3
700,4.88,232,13.83065,1,2.365487985,1.140842591,0.3483,3
700,5.35,259,24.84988,1,2.413299764,1.395324296,0.2939,3
700,4.92,169,15.1849,1,2.227886705,1.181411936,0.3892,3
,5.75,109,2.963833,0,2.037426498,0.471853729,0.3437,3
350,5.78,120,3.215197,0,2.079181246,0.507207588,0.3606,3
350,6.04,212,21.522205,0,2.326335861,1.332886764,0.4186,3
350,6.46,251,37.75613,0,2.399673721,1.576987473,0.3705,3
350,5.38,167,4.346335,0,2.222716471,0.638123197,0.3239,3
350,5.7,185,13.66708,0,2.267171728,1.135675737,0.3244,3
350,5.5,129,4.388229,0,2.11058971,0.642289283,0.4493,3
500,5.53,180,6.001148,0,2.255272505,0.778234337,0.3551,3
500,6.9,272,32.10044,0,2.434568904,1.506510985,0.3696,3
500,6.27,247,58.6916,0,2.392696953,1.768575949,0.3096,3
500,5.68,119,3.521924,0,2.075546961,0.54677998,0.322,3
500,5.75,156,17.60962,0,2.193124598,1.245749984,0.3294,3
500,5.71,131,7.717868,0,2.117271296,0.887497346,0.3242,3
700,5.61,131,6.409232,0,2.117271296,0.806805992,0.3023,3
700,6.84,251,31.48028,0,2.399673721,1.498038587,0.3645,3
700,5.99,176,46.2284,0,2.245512668,1.664908862,0.2758,3
700,5.84,89,4.539752,0,1.949390007,0.657032129,0.3117,3
700,6.69,137,19.27138,0,2.136720567,1.284912815,0.3716,3
700,5.66,126,7.343972,0,2.100370545,0.865931012,0.3795,3
,4.82,297,15.02686,1,2.472756449,1.17686824,0.2939,3
350,4.81,296,14.81982,1,2.471291711,1.170842929,0.2761,3
350,5.38,363,38.42238,1,2.559906625,1.584584263,0.3586,3
350,5.33,304,49.3955,1,2.482873584,1.693687386,0.3711,3
350,4.75,277,15.64798,1,2.442479769,1.194458282,0.3227,3
350,5.02,384,,1,2.584331224,,0.4344,3
350,4.92,316,21.13454,1,2.499687083,1.3249928,0.3285,3
500,4.79,230,18.02894,1,2.361727836,1.255970193,0.358,3
500,5.4,412,50.9483,1,2.614897216,1.707129697,0.3916,3
500,5.47,417,64.66928,1,2.620136055,1.810698026,0.352,3
500,4.84,309,16.637435,1,2.489958479,1.221086372,0.3652,3
500,5.13,379,29.943675,1,2.57863921,1.4763051,0.3805,3
500,4.79,233,17.053255,1,2.367355921,1.231807286,0.3523,3
700,5,213,13.310875,1,2.328379603,1.124206605,0.3373,3
700,5.52,267,33.16628,1,2.426511261,1.520696763,0.3606,3
700,5.55,261,57.18452,1,2.416640507,1.75727848,0.3223,3
700,5.01,239,14.142515,1,2.378397901,1.150526648,0.386,3
700,5.32,278,27.032935,1,2.444044796,1.4318932,0.3761,3
700,5.15,302,17.69854,1,2.480006943,1.247937442,0.2657,3
,5.79,144,5.28895,0,2.158362492,0.723369461,0.3063,3
350,5.82,115,3.298985,0,2.06069784,0.518380341,0.346,3
350,6.63,273,,0,2.436162647,,0.3494,3
350,6.06,286,35.137755,0,2.456366033,1.54577401,0.4224,3
350,5.75,139,3.424667,0,2.1430148,0.534618349,0.2876,3
350,6.28,228,16.075985,0,2.357934847,1.206177592,0.3638,3
350,5.59,166,6.54577,0,2.220108088,0.815960741,0.2617,3
500,5.76,106,3.026674,0,2.025305865,0.480965646,0.3453,3
500,5.45,274,35.03302,0,2.437750563,1.544477577,0.3732,3
500,6.57,207,54.74492,0,2.315970345,1.738343825,0.3496,3
500,5.53,125,4.041224,0,2.096910013,0.606512924,0.2869,3
500,6.49,182,19.68682,0,2.260071388,1.29417557,0.31,3
500,5.61,146,8.527976,0,2.164352856,0.930845969,0.3578,3
700,5.7,107,3.812732,0,2.029383778,0.581236279,0.3105,3
700,7.22,233,28.36448,0,2.367355921,1.452774826,0.388,3
700,5.98,146,41.0354,0,2.164352856,1.613158671,0.3445,3
700,6,101,4.352804,0,2.004321374,0.638769112,0.2747,3
700,6.57,291,23.6335,0,2.463892989,1.373528043,0.3136,3
700,6.11,131,8.735696,0,2.117271296,0.941297512,0.3193,3
,5.1,195,13.20495,1,2.290034611,1.120736761,0.0221,4
350,5.09,176,12.1502,1,2.245512668,1.084583427,0.0265,4
350,5.83,481,36.093025,1,2.682145076,1.557423282,0.0304,4
350,5.85,312,53.4964,1,2.494154594,1.728324557,0.0243,4
350,5.41,164,16.896575,1,2.214843848,1.22779868,0.0303,4
350,5.35,324,27.865975,1,2.51054501,1.445074243,0.0351,4
350,5.42,182,17.00205,1,2.260071388,1.230501289,0.0287,4
500,5.28,148,13.310425,1,2.170261715,1.124191923,0.026,4
500,5.89,542,45.69125,1,2.733999287,1.659833039,0.0305,4
500,5.91,344,66.14825,1,2.536558443,1.820518359,0.033,4
500,5.26,155,12.55165,1,2.190331698,1.098700821,0.0238,4
500,5.79,281,28.490425,1,2.44870632,1.454698928,0.0274,4
500,5.47,170,17.656225,1,2.230448921,1.246897855,0.0248,4
700,5.25,143,12.55165,1,2.155336037,1.098700821,0.0296,4
700,6.07,556,40.47055,1,2.745074792,1.607139107,0.029,4
700,5.94,231,65.73155,1,2.36361198,1.817773873,0.0359,4
700,5.35,149,14.21845,1,2.173186268,1.152852255,0.0239,4
700,5.83,234,27.55285,1,2.369215857,1.440166528,0.0299,4
700,5.44,186,16.292,1,2.269512944,1.211974401,0.0252,4
,6.13,81,2.69212,0,1.908485019,0.430094414,0.0198,4
350,6.27,93,2.60886,0,1.968482949,0.416450774,0.0258,4
350,7.29,499,27.718875,0,2.698100546,1.4427756,0.0246,4
350,6.77,248,39.999725,0,2.394451681,1.602057006,0.0253,4
350,6.35,78,2.73375,0,1.892094603,0.436758796,0.0245,4
350,6.89,172,17.6236,0,2.235528447,1.246094627,0.0304,4
350,6.48,114,6.584525,0,2.056904851,0.818524451,0.0222,4
500,6.08,102,3.254125,0,2.008600172,0.512434231,0.0164,4
500,7.6,501,38.64675,0,2.699837726,1.587112978,0.0258,4
500,7,301,64.99507,0,2.478566496,1.812880416,0.0244,4
500,6.2,96,2.805126,0,1.982271233,0.447952374,0.0196,4
500,7.21,227,20.42372,0,2.356025857,1.310134848,0.0292,4
500,6.49,77,6.602702,0,1.886490725,0.819721697,0.0267,4
700,6.46,70,2.598736,0,1.84509804,0.414762163,0.018,4
700,7.68,515,35.4813,0,2.711807229,1.549999524,0.028,4
700,6.69,135,61.48644,0,2.130333768,1.788779349,0.0234,4
700,6.27,78,3.383018,0,1.892094603,0.529304309,0.0223,4
700,7.49,176,19.288575,0,2.245512668,1.285300144,0.0317,4
700,6.59,119,6.726536,0,2.075546961,0.827791471,0.0228,4
,5.2,187,12.994,1,2.271841607,1.113742862,0.0219,4
350,4.96,233,14.576125,1,2.367355921,1.163642084,0.0256,4
350,5.61,472,39.5737,1,2.673941999,1.597406657,0.0345,4
350,5.78,325,51.59785,1,2.511883361,1.712631606,0.028,4
350,5.16,197,14.04875,1,2.294466226,1.147637684,0.0273,4
350,5.54,291,28.498825,1,2.463892989,1.454826955,0.031,4
350,5.08,220,17.740375,1,2.342422681,1.248962796,0.0314,4
500,5.25,156,12.994,1,2.193124598,1.113742862,0.0287,4
500,6.01,488,46.429575,1,2.688419822,1.666794708,0.0366,4
500,5.87,335,68.4401,1,2.525044807,1.835310635,0.0315,4
500,5.18,175,13.072525,1,2.243038049,1.116359481,0.0242,4
500,5.63,236,28.80295,1,2.372912003,1.459436971,0.0383,4
500,5.49,182,17.864575,1,2.260071388,1.251992689,0.0261,4
700,5.1,174,14.0101,1,2.240549248,1.146441235,0.0238,4
700,6.05,518,41.408125,1,2.71432976,1.617085566,0.0312,4
700,5.6,266,66.14825,1,2.424881637,1.820518359,0.0236,4
700,5.4,138,13.1767,1,2.139879086,1.119806658,0.0261,4
700,5.81,265,28.490425,1,2.423245874,1.454698928,0.0266,4
700,5.53,160,15.021725,1,2.204119983,1.176719807,0.0281,4
,6.37,88,,0,1.944482672,,0.0218,4
350,6.09,99,2.90027,0,1.995635195,0.46243843,0.0255,4
350,7.18,379,32.81855,0,2.57863921,1.516119389,0.0305,4
350,6.63,305,42.497525,0,2.484299839,1.628363638,0.0228,4
350,6.43,88,2.754565,0,1.944482672,0.440053025,0.0226,4
350,6.84,184,17.519525,0,2.264817823,1.243522327,0.0278,4
350,6.18,120,6.93838,0,2.079181246,0.841258082,0.0331,4
500,6.44,79,2.65049,0,1.897627091,0.42332617,0.0257,4
500,7.46,474,37.918225,0,2.675778342,1.578847999,0.0244,4
500,6.89,261,64.99507,0,2.416640507,1.812880416,0.0227,4
500,6.41,80,2.72257,0,1.903089987,0.434979055,0.0225,4
500,7.07,259,21.971645,0,2.413299764,1.341862573,0.0229,4
500,6.41,102,7.139316,0,2.008600172,0.853656605,0.0234,4
700,6.83,74,2.867043,0,1.86923172,0.457434207,0.024,4
700,7.79,444,30.73433,0,2.64738297,1.48762375,0.0244,4
700,6.62,136,54.0564,0,2.133538908,1.73284712,0.0247,4
700,6.48,79,2.908321,0,1.897627091,0.463642339,0.023,4
700,7.44,174,19.59816,0,2.240549248,1.292215299,0.0306,4
700,6.81,94,6.705897,0,1.973127854,0.826456879,0.0225,4
,5.18,191,12.78305,1,2.281033367,1.106634488,0.0284,4
350,5.22,163,13.521375,1,2.212187604,1.131020858,0.0255,4
350,5.89,488,39.9956,1,2.688419822,1.602012216,0.0291,4
350,5.8,293,53.4964,1,2.46686762,1.728324557,0.0307,4
350,5.22,190,12.994,1,2.278753601,1.113742862,0.0253,4
350,5.61,254,27.865975,1,2.404833717,1.445074243,0.034,4
350,5.31,146,17.318475,1,2.164352856,1.238509647,0.0274,4
500,5.42,145,13.099475,1,2.161368002,1.11725389,0.0247,4
500,6.06,428,44.320075,1,2.631443769,1.646600487,0.0354,4
500,5.85,411,71.98205,1,2.613841822,1.857224211,0.0311,4
500,5.35,134,11.5099,1,2.127104798,1.06107155,0.025,4
500,5.69,311,28.073725,1,2.492760389,1.448300041,0.0297,4
500,5.46,170,17.447875,1,2.230448921,1.241742541,0.0291,4
700,5.21,186,13.072525,1,2.269512944,1.116359481,0.0271,4
700,5.94,465,39.741325,1,2.667452953,1.599242343,0.0324,4
700,5.83,224,63.4397,1,2.350248018,1.802361121,0.0242,4
700,5.39,131,12.239125,1,2.117271296,1.08775037,0.0288,4
700,5.84,207,27.96955,1,2.315970345,1.446685479,0.0306,4
700,5.93,158,15.229875,1,2.198657087,1.182696339,0.0266,4
,6.46,92,2.588045,0,1.963787827,0.412971823,0.0204,4
350,6.5,67,2.837825,0,1.826074803,0.45298561,0.026,4
350,7.32,380,31.56965,0,2.579783597,1.499269767,0.0301,4
350,6.81,237,42.705675,0,2.374748346,1.630485591,0.0284,4
350,6.13,85,2.69212,0,1.929418926,0.430094414,0.0238,4
350,6.84,229,18.0399,0,2.359835482,1.256234126,0.0269,4
350,6.9,96,6.168225,0,1.982271233,0.790160207,0.0256,4
500,6.4,98,3.420645,0,1.991226076,0.534108005,0.023,4
500,7.4,411,40.72825,0,2.613841822,1.60989575,0.0285,4
500,6.96,240,61.48644,0,2.380211242,1.788779349,0.0262,4
500,6.65,65,2.949599,0,1.812913357,0.469762977,0.024,4
500,7.3,256,21.86845,0,2.408239965,1.339818002,0.0217,4
500,6.67,84,7.655291,0,1.924279286,0.883961704,0.0269,4
700,6.29,85,3.217906,0,1.929418926,0.507573354,0.0265,4
700,7.69,506,34.03657,0,2.704150517,1.531945788,0.0243,4
700,6.69,126,57.77142,0,2.100370545,1.761713042,0.0243,4
700,6.32,76,2.846404,0,1.880813592,0.454296541,0.0223,4
700,7.62,193,19.39177,0,2.285557309,1.287617451,0.0271,4
700,6.55,99,6.540785,0,1.995635195,0.815629874,0.0197,4
,5.23,183,12.677575,1,2.26245109,1.103036188,0.0254,4
350,5.07,225,13.099475,1,2.352182518,1.11725389,0.0282,4
350,5.82,450,36.6204,1,2.653212514,1.563723084,0.0359,4
350,5.87,265,52.758075,1,2.423245874,1.722288941,0.0296,4
350,5.28,212,14.365175,1,2.326335861,1.157310921,0.0277,4
350,5.57,315,27.12765,1,2.498310554,1.433412174,0.0324,4
350,5.34,207,16.896575,1,2.315970345,1.22779868,0.0228,4
500,5.34,145,13.732325,1,2.161368002,1.137744073,0.0246,4
500,5.86,594,46.53505,1,2.773786445,1.667780185,0.028,4
500,5.84,345,67.6067,1,2.537819095,1.829989738,0.0291,4
500,5.23,168,13.1767,1,2.225309282,1.119806658,0.0269,4
500,5.66,261,29.323825,1,2.416640507,1.467220619,0.0311,4
500,5.36,196,17.031175,1,2.292256071,1.231244611,0.0286,4
700,5.3,140,12.3433,1,2.146128036,1.091431285,0.0268,4
700,6.1,503,39.63715,1,2.701567985,1.59810242,0.0286,4
700,5.81,264,60.31445,1,2.421603927,1.780421372,0.0311,4
700,5.34,134,13.072525,1,2.127104798,1.116359481,0.0267,4
700,5.75,202,27.7612,1,2.305351369,1.443438235,0.0303,4
700,5.62,197,14.91765,1,2.294466226,1.173700413,0.0254,4
,6.46,64,2.90027,0,1.806179974,0.46243843,0.0224,4
350,6.34,92,2.65049,0,1.963787827,0.42332617,0.0222,4
350,7.23,448,31.56965,0,2.651278014,1.499269767,0.0237,4
350,6.71,226,40.832325,0,2.354108439,1.611004109,0.024,4
350,6.24,103,3.10842,0,2.012837225,0.492539695,0.02909,4
350,6.79,224,18.976575,0,2.350248018,1.278217831,0.0334,4
350,6.43,95,6.23067,0,1.977723605,0.79453475,0.0294,4
500,6.38,78,2.98353,0,1.892094603,0.474730409,0.0245,4
500,7.54,410,40.624175,0,2.612783857,1.608784554,0.0243,4
500,6.97,259,59.21615,0,2.413299764,1.772440168,0.024,4
500,6.14,95,3.259184,0,1.977723605,0.51310888,0.0218,4
500,7.21,206,20.526915,0,2.31386722,1.312323684,0.0256,4
500,6.46,89,7.531457,0,1.949390007,0.876879001,0.0268,4
700,6.78,69,2.557458,0,1.838849091,0.40780851,0.0233,4
700,7.76,482,31.76628,0,2.683047038,1.50196636,0.0272,4
700,6.84,123,53.85001,0,2.089905111,1.731185788,0.0266,4
700,6.6,72,3.073433,0,1.857332496,0.48762375,0.0292,4
700,7.46,188,20.939695,0,2.274157849,1.320970352,0.021,4
700,7.08,94,6.85037,0,1.973127854,0.835714029,0.0192,4
,5.21,117,10.957145,1,2.068185862,1.039697409,0.1998,5
350,5.27,112,11.89445,1,2.049218023,1.075344365,0.2056,5
350,5.67,191,31.682,1,2.281033367,1.50081259,0.199,5
350,5.75,196,45.22085,1,2.292256071,1.655338721,0.1989,5
350,4.97,145,11.998595,1,2.161368002,1.079130394,0.2149,5
350,5.51,152,24.39185,1,2.181843588,1.387244741,0.2466,5
350,6,130,15.747815,1,2.113943352,1.197220304,0.1882,5
500,5.28,124,13.248335,1,2.093421685,1.122161301,0.2272,5
500,5.92,251,42.408935,1,2.399673721,1.627457366,0.1953,5
500,5.87,140,60.28264,1,2.146128036,1.780192263,0.1743,5
500,5.19,121,11.64131,1,2.08278537,1.066001854,0.2201,5
500,5.75,139,25.33745,1,2.1430148,1.403762905,0.2178,5
500,5.01,233,16.95623,1,2.367355921,1.229329299,0.2286,5
700,5.15,129,13.88993,1,2.11058971,1.142700057,0.1972,5
700,5.85,198,33.10541,1,2.29666519,1.519898971,0.2168,5
700,6.15,144,56.60308,1,2.158362492,1.752840064,0.2253,5
700,5.98,117,11.94794,1,2.068185862,1.077293033,0.2285,5
700,5.6,153,24.92861,1,2.184691431,1.396698063,0.2176,5
700,5.49,109,17.16418,1,2.037426498,1.23462306,0.1738,5
,5.72,75,3.370664,0,1.875061263,0.527715463,0.2218,5
350,5.68,64,3.03908,0,1.806179974,0.482742132,0.2115,5
350,6.54,189,24.41758,0,2.276461804,1.387702619,0.2617,5
350,6.75,148,32.39632,0,2.170261715,1.51049568,0.2086,5
350,6.18,59,2.914736,0,1.770852012,0.464599225,0.207,5
350,5.1,140,14.98816,0,2.146128036,1.175748321,0.1885,5
350,5.93,102,5.360168,0,2.008600172,0.729178402,0.2276,5
500,5.82,55,3.101252,0,1.740362689,0.491537057,0.2363,5
500,7.07,163,28.25152,0,2.212187604,1.451041819,0.2359,5
500,6.84,170,52.9378,0,2.230448921,1.723765889,0.1979,5
500,5.84,88,3.186415,0,1.944482672,0.503302338,0.2039,5
500,6.81,145,,0,2.161368002,,0.2413,5
500,5.8,96,7.1299,0,1.982271233,0.853083439,0.1944,5
700,6.05,57,2.810845,0,1.755874856,0.448836898,0.2086,5
700,7.09,136,27.0652,0,2.133538908,1.432411241,0.2125,5
700,6.15,79,48.7648,0,1.897627091,1.688106447,0.1933,5
700,6.26,70,3.04036,0,1.84509804,0.48292501,0.1978,5
700,6.55,86,14.888825,0,1.934498451,1.172860425,0.2169,5
700,5.98,62,6.04492,0,1.792391689,0.781390558,0.2293,5
,5.03,131,11.790305,1,2.117271296,1.07152504,0.1902,5
350,5.08,118,11.998595,1,2.071882007,1.079130394,0.2086,5
350,5.99,89,33.869045,1,1.949390007,1.529802951,0.2139,5
350,5.71,200,44.283545,1,2.301029996,1.64624238,0.2232,5
350,5.17,105,11.998595,1,2.021189299,1.079130394,0.1974,5
350,5.41,150,23.3504,1,2.176091259,1.368294325,0.2379,5
350,5.2,239,15.0188,1,2.378397901,1.176635234,0.2048,5
500,5.45,112,11.373725,1,2.049218023,1.055902723,0.1857,5
500,6.02,312,40.0136,1,2.494154594,1.602207626,0.2156,5
500,5.98,248,60.69148,1,2.394451681,1.783127728,0.1735,5
500,5.19,164,12.15236,1,2.214843848,1.084660627,0.1904,5
500,5.4,169,27.79049,1,2.227886705,1.443896204,0.2223,5
500,5.41,119,16.13855,1,2.075546961,1.207864512,0.2126,5
700,5.37,106,11.94794,1,2.025305865,1.077293033,0.2215,5
700,6.19,192,34.84298,1,2.283301229,1.542115292,0.1967,5
700,5.75,155,58.44286,1,2.190331698,1.766731461,0.2083,5
700,5.25,137,11.84573,1,2.136720567,1.07356183,0.2031,5
700,5.67,155,27.07502,1,2.190331698,1.432568786,0.201,5
700,5.4,95,15.7135,1,1.977723605,1.19627293,0.2363,5
,5.97,64,3.101252,0,1.806179974,0.491537057,0.1953,5
350,5.66,92,3.702248,0,1.963787827,0.568465507,0.2191,5
350,6.92,159,24.0031,0,2.201397124,1.380267334,0.2395,5
350,6.62,145,31.56736,0,2.161368002,1.499238263,0.202,5
350,5.77,77,3.308492,0,1.886490725,0.519630089,0.2086,5
350,6.25,121,14.36644,0,2.08278537,1.157349163,0.1992,5
350,6.26,72,5.608856,0,1.857332496,0.74887429,0.1678,5
500,6.01,68,3.225596,0,1.832508913,0.508609972,0.2169,5
500,6.91,215,33.01804,0,2.33243846,1.518751289,0.2383,5
500,6.74,182,56.2762,0,2.260071388,1.750324764,0.2258,5
500,6.22,61,3.311605,0,1.785329835,0.52003853,0.2171,5
500,6.6,101,15.2018,0,2.004321374,1.181895015,0.182,5
500,5.81,101,6.7126,0,2.004321374,0.826890769,0.2207,5
700,6.49,70,3.144685,0,1.84509804,0.497577149,0.2281,5
700,7.04,137,24.5614,0,2.136720567,1.390253118,0.2351,5
700,6.45,94,54.607,0,1.973127854,1.737248318,0.1724,5
700,6.02,53,3.228145,0,1.72427587,0.508953034,0.2254,5
700,6.45,93,14.471525,0,1.968482949,1.160514299,0.2427,5
700,6.34,71,6.50395,0,1.851258349,0.813177194,0.2251,5
,5.31,70,11.06129,1,1.84509804,1.043805779,0.1889,5
350,5.01,224,13.35248,1,2.350248018,1.125561936,0.2172,5
350,5.55,346,33.244175,1,2.539076099,1.52171556,0.195,5
350,5.7,307,46.158155,1,2.487138375,1.664248441,0.2147,5
350,5.14,120,11.89445,1,2.079181246,1.075344365,0.2005,5
350,5.65,356,41.367485,1,2.551449998,1.616659118,0.2529,5
350,5.05,252,18.039005,1,2.401400541,1.256212579,0.1796,5
500,5.03,254,13.14419,1,2.404833717,1.118733828,0.2214,5
500,5.3,251,25.01672,1,2.399673721,1.398230368,0.2098,5
500,5.83,272,62.12242,1,2.434568904,1.793248365,0.2061,5
500,5.02,235,13.99214,1,2.371067862,1.145884142,0.2175,5
500,5.64,148,26.15513,1,2.170261715,1.417556883,0.2185,5
500,5.06,242,17.05844,1,2.383815366,1.231939312,0.2133,5
700,5.35,85,11.23247,1,1.929418926,1.050475267,0.195,5
700,6.08,221,35.0474,1,2.344392274,1.544655805,0.235,5
700,5.54,257,57.21634,1,2.409933123,1.757520074,0.1813,5
700,5.13,160,12.86783,1,2.204119983,1.109505315,0.2117,5
700,5.64,207,26.25734,1,2.315970345,1.419250728,0.2053,5
700,5.24,236,17.88952,1,2.372912003,1.252598688,0.2213,5
,5.96,99,3.888764,0,1.995635195,0.589811588,0.2043,5
350,6.09,111,3.474284,0,2.045322979,0.540865316,0.1896,5
350,6.72,191,22.4488,0,2.281033367,1.351193131,0.2508,5
350,6.48,192,32.91442,0,2.283301229,1.517386207,0.2116,5
350,5.73,110,3.847316,0,2.041392685,0.585157859,0.1971,5
350,6.16,160,12.0868,0,2.204119983,1.082311336,0.225,5
350,5.98,200,7.49,0,2.301029996,0.874481818,0.208,5
500,6.07,121,3.950936,0,2.08278537,0.596699995,0.2011,5
500,7.03,195,30.7384,0,2.290034611,1.487681258,0.2199,5
500,6.43,231,54.39835,0,2.36361198,1.735585727,0.1959,5
500,5.98,123,4.00015,0,2.089905111,0.602076277,0.217,5
500,6.4,177,16.24505,0,2.247973266,1.210721052,0.2416,5
500,6.04,121,7.00471,0,2.08278537,0.84539016,0.2099,5
700,5.58,112,3.561985,0,2.049218023,0.551692086,0.2242,5
700,7.22,208,28.94305,0,2.318063335,1.461544295,0.1854,5
700,6.35,127,44.5918,0,2.103803721,1.649255004,0.1863,5
700,,,,0,,,,5
700,6.68,136,15.6191,0,2.133538908,1.193656005,0.1971,5
700,6.2,61,6.08665,0,1.785329835,0.784378329,0.2124,5
,4.91,235,12.31103,1,2.371067862,1.09029439,0.1618,5
350,5.03,244,13.040045,1,2.387389826,1.11527909,0.21,5
350,5.43,339,34.80635,1,2.530199698,1.541658483,0.1929,5
350,5.57,392,45.42914,1,2.593286067,1.657334515,0.1878,5
350,5.02,259,14.706365,1,2.413299764,1.167505341,0.208,5
350,5.62,150,22.30895,1,2.176091259,1.34847913,0.2165,5
350,5,289,17.93486,1,2.460897843,1.253697991,0.1863,5
500,5,218,13.664915,1,2.338456494,1.135606935,0.2162,5
500,5.9,157,40.84676,1,2.195899652,1.611157614,0.2188,5
500,5.49,226,59.46496,1,2.354108439,1.774261131,0.2029,5
500,4.93,247,13.78772,1,2.392696953,1.139492455,0.1943,5
500,5.54,158,24.72419,1,2.198657087,1.393122072,0.207,5
500,5.32,126,15.72971,1,2.100370545,1.196720716,0.2008,5
700,5.07,201,12.15236,1,2.303196057,1.084660627,0.2196,5
700,5.86,336,35.14961,1,2.526339277,1.545920511,0.2171,5
700,5.69,273,57.8296,1,2.436162647,1.762150188,0.2014,5
700,5.06,211,13.78772,1,2.324282455,1.139492455,0.2273,5
700,5.62,147,25.03082,1,2.167317335,1.398475077,0.2296,5
700,5.36,250,23.58862,1,2.397940009,1.372702534,0.2062,5
,5.92,99,3.45356,0,1.995635195,0.538267006,0.1932,5
350,5.74,114,3.55718,0,2.056904851,0.551105842,0.1969,5
350,6.97,222,30.42754,0,2.346352974,1.483266842,0.19,5
350,6.35,186,27.94066,0,2.269512944,1.446236661,0.2393,5
350,5.72,120,4.427588,0,2.079181246,0.646167202,0.1946,5
350,6.67,132,14.05558,0,2.120573931,1.147848771,0.1801,5
350,5.96,123,6.334196,0,2.089905111,0.801691498,0.207,5
500,5.93,105,3.432836,0,2.021189299,0.535653056,0.1706,5
500,6.88,258,24.62482,0,2.411619706,1.391373065,0.2221,5
500,6.85,207,53.98105,0,2.315970345,1.732241328,0.2059,5
500,5.97,61,3.061225,0,1.785329835,0.485895251,0.2156,5
500,6.35,157,16.24505,0,2.195899652,1.210721052,0.2237,5
500,5.97,91,6.524815,0,1.959041392,0.814568203,0.174,5
700,5.75,91,3.520255,0,1.959041392,0.546574124,0.2038,5
700,7.32,158,22.8922,0,2.198657087,1.359687532,0.2092,5
700,6.41,146,58.15405,0,2.164352856,1.764579966,0.2363,5
700,6.08,112,3.770635,0,2.049218023,0.576414494,0.1807,5
700,7.16,130,20.00075,0,2.113943352,1.301046281,0.2151,5
700,6.46,121,6.62914,0,2.08278537,0.821457191,0.202,5
,5.07,203,12.861305,1,2.307496038,1.109285037,0.021,6
350,5.07,191,13.722625,1,2.281033367,1.137437195,0.026,6
350,5.53,493,37.51659,1,2.692846919,1.574223357,0.0245,6
350,5.54,387,54.635325,1,2.587710965,1.737473531,0.0284,6
350,5.25,257,14.47628,1,2.409933123,1.160656975,0.0197,6
350,5.46,350,29.33405,1,2.544068044,1.467372028,0.0204,6
350,5.15,289,18.890545,1,2.460897843,1.276244488,0.0245,6
500,5.11,227,14.799275,1,2.356025857,1.17024044,0.0268,6
500,5.68,480,28.66452,1,2.681241237,1.457344674,0.0244,6
500,5.6,411,65.59231,1,2.613841822,1.816852926,0.0156,6
500,5.25,215,14.430576,1,2.33243846,1.159283666,0.022,6
500,5.45,265,29.714705,1,2.423245874,1.472971423,0.0265,6
500,5.37,230,16.335344,1,2.361727836,1.213128285,0.0254,6
700,5.31,160,13.892272,1,2.204119983,1.142773278,0.0303,6
700,5.84,569,26.18004,1,2.755112266,1.417970306,0.0205,6
700,5.82,309,64.1543,1,2.489958479,1.807225771,0.0236,6
700,5.53,138,12.664015,1,2.139879086,1.102571416,0.0209,6
700,5.86,272,26.016965,1,2.434568904,1.415256633,0.0314,6
700,5.45,187,16.46447,1,2.271841607,1.216547755,0.0238,6
,6.39,100,2.39279,0,2,0.378904585,0.0249,6
350,6,145,4.11338,0,2.161368002,0.614198832,0.0208,6
350,7.14,356,30.7246,0,2.551449998,1.487486238,0.0248,6
350,6.88,244,48.5524,0,2.387389826,1.686210702,0.029,6
350,6.16,129,3.535113,0,2.11058971,0.548403301,0.0283,6
350,6.56,333,15.735486,0,2.522444234,1.196880161,0.0207,6
350,6.36,132,7.346668,0,2.120573931,0.866090414,0.0153,6
500,6.38,120,3.823555,0,2.079181246,0.582467342,0.0171,6
500,7.35,402,34.982085,0,2.604226053,1.543845691,0.0258,6
500,6.7,303,50.59735,0,2.481442629,1.704127772,0.0163,6
500,6.13,97,3.864761,0,1.986771734,0.587122642,0.0222,6
500,6.92,297,17.96061,0,2.472756449,1.254321083,0.0168,6
500,5.96,203,8.757802,0,2.307496038,0.942395122,0.0161,6
700,6.16,79,3.217498,0,1.897627091,0.507518286,0.0212,6
700,7.24,261,26.71862,0,2.416640507,1.426814023,0.0192,6
700,6.61,151,55.04972,0,2.178976947,1.740755114,0.0208,6
700,6.12,97,3.196512,0,1.986771734,0.504676339,0.024,6
700,7.19,218,19.34032,0,2.338456494,1.286463656,0.0211,6
700,6.47,112,6.890048,0,2.049218023,0.838222247,0.0225,6
,5.29,74,12.215315,1,1.86923172,1.086904671,0.0153,6
350,5.06,208,12.96897,1,2.318063335,1.112905486,0.0219,6
350,5.81,422,39.0239,1,2.625312451,1.59133067,0.0299,6
350,6.03,309,49.252075,1,2.489958479,1.692424532,0.0211,6
350,5.14,260,14.90694,1,2.414973348,1.173388503,0.0223,6
350,5.37,397,30.733695,1,2.598790507,1.487614777,0.0186,6
350,5.38,221,17.598565,1,2.344392274,1.245477257,0.0257,6
500,5.46,175,12.458585,1,2.243038049,1.09546872,0.0219,6
500,6.08,557,29.099304,1,2.745855195,1.463882602,0.0266,6
500,5.85,355,65.59231,1,2.550228353,1.816852926,0.0245,6
500,5.37,168,14.844656,1,2.225309282,1.171570138,0.0308,6
500,5.89,331,29.303845,1,2.519827994,1.466924609,0.0222,6
500,5.24,275,16.873648,1,2.439332694,1.227208985,0.0225,6
700,5.29,180,14.182128,1,2.255272505,1.151741401,0.0227,6
700,5.78,613,25.621032,1,2.787460475,1.408596619,0.0227,6
700,5.7,271,59.01855,1,2.432969291,1.770988535,0.0177,6
700,5.45,160,11.73958,1,2.204119983,1.06965256,0.0228,6
700,5.72,291,26.32511,1,2.463892989,1.420370195,0.0299,6
700,5.35,232,17.405935,1,2.365487985,1.240697357,0.0236,6
,6.47,94,3.3671,0,1.973127854,0.527256015,0.0164,6
350,6.33,115,3.63659,0,2.06069784,0.56069434,0.0166,6
350,6.98,516,30.31,0,2.712649702,1.481585936,0.0179,6
350,6.48,290,44.92465,0,2.462397998,1.652484702,0.0229,6
350,6.68,107,3.329083,0,2.029383778,0.522324623,0.0157,6
350,6.49,293,18.455082,0,2.46686762,1.266115979,0.0176,6
350,6.02,149,8.026567,0,2.173186268,0.904529835,0.0271,6
500,6.14,101,4.029585,0,2.004321374,0.605260321,0.0286,6
500,7.2,462,34.157965,0,2.664641976,1.533491989,0.0236,6
500,7.04,370,55.13001,0,2.568201724,1.741388071,0.0183,6
500,6.18,108,4.153203,0,2.033423755,0.618383159,0.0224,6
500,6.59,209,19.505835,0,2.320146286,1.290164546,0.024,6
500,6.45,192,9.114564,0,2.283301229,0.959735899,0.0088,6
700,7.35,76,3.175526,0,1.880813592,0.501815673,0.0199,6
700,7.45,335,32.17498,0,2.525044807,1.507518286,0.0227,6
700,6.59,143,59.03706,0,2.155336037,1.771124722,0.0207,6
700,6.18,95,3.637218,0,1.977723605,0.560769332,0.025,6
700,7.2,242,17.55651,0,2.383815366,1.244438188,0.0136,6
700,6.4,122,7.393712,0,2.086359831,0.86886253,0.027,6
,5.23,224,12.96897,1,2.350248018,1.112905486,0.0192,6
350,5.38,187,13.61496,1,2.271841607,1.13401637,0.0221,6
350,5.85,528,39.346895,1,2.722633923,1.594910466,0.024,6
350,5.8,313,51.836035,1,2.495544338,1.714631774,0.0253,6
350,5.29,230,13.1843,1,2.361727836,1.120057077,0.0232,6
350,5.65,376,29.226385,1,2.575187845,1.465775101,0.0226,6
350,5.44,244,18.890545,1,2.387389826,1.276244488,0.0226,6
500,5.37,193,13.30204,1,2.285557309,1.123918249,0.021,6
500,5.98,495,28.540296,1,2.694605199,1.455458473,0.0275,6
500,5.89,414,60.66199,1,2.617000341,1.782916653,0.0273,6
500,5.39,182,13.892272,1,2.260071388,1.142773278,0.0264,6
500,5.7,307,29.81742,1,2.487138375,1.474470063,0.0267,6
500,5.6,191,16.873648,1,2.281033367,1.227208985,0.0248,6
700,5.44,167,14.513392,1,2.222716471,1.161768926,0.0222,6
700,6.14,630,25.86948,1,2.799340549,1.412787699,0.0235,6
700,5.88,253,54.90995,1,2.403120521,1.739651048,0.0264,6
700,5.42,179,13.17759,1,2.252853031,1.119835991,0.0242,6
700,5.87,276,27.249545,1,2.440909082,1.435359255,0.0263,6
700,5.79,194,15.43732,1,2.28780173,1.188571907,0.026,6
,6.03,101,3.51221,0,2.004321374,0.545580475,0.0163,6
350,6.71,106,3.69878,0,2.025305865,0.568058501,0.0203,6
350,7.14,340,31.1392,0,2.531478917,1.493307451,0.0218,6
350,6.91,264,42.43705,0,2.421603927,1.627745186,0.028,6
350,6.21,107,3.184862,0,2.029383778,0.503090619,0.0234,6
350,6.92,238,16.477194,0,2.376576957,1.216883255,0.015,6
350,6.86,136,8.067773,0,2.133538908,0.90675367,0.0248,6
500,6.75,123,3.638128,0,2.089905111,0.560877975,0.0162,6
500,7.74,660,,0,2.819543936,,0.0208,6
500,6.92,285,54.71795,0,2.45484486,1.738129818,0.0185,6
500,6.72,90,3.761746,0,1.954242509,0.575389468,0.0229,6
500,6.73,206,17.775183,0,2.31386722,1.249814081,0.0189,6
500,6.49,115,9.13555,0,2.06069784,0.960734699,0.0215,6
700,5.87,94,3.805106,0,1.973127854,0.58036676,0.0153,6
700,7.44,282,30.07638,0,2.450249108,1.478225563,0.0216,6
700,6.16,163,52.74126,0,2.212187604,1.722150501,0.0153,6
700,6.56,91,3.972994,0,1.959041392,0.599117909,0.0236,6
700,7.76,155,16.29735,0,2.190331698,1.212116993,0.0199,6
700,6.66,122,7.288782,0,2.086359831,0.862654961,0.0184,6
,5.18,216,14.153285,1,2.334453751,1.150857252,0.0273,6
350,5.28,224,13.507295,1,2.350248018,1.130568385,0.0229,6
350,5.73,474,34.178975,1,2.675778342,1.533759034,0.0267,6
350,5.75,302,51.9437,1,2.480006943,1.715532882,0.0297,6
350,5.22,204,13.291965,1,2.309630167,1.123589189,0.0239,6
350,5.62,380,29.98004,1,2.579783597,1.476832208,0.0213,6
350,5.34,214,18.029225,1,2.330413773,1.255977059,0.0218,6
500,5.37,174,11.4724135,1,2.240549248,1.059654792,0.0285,6
500,5.98,438,27.608616,1,2.641474111,1.441044636,0.0231,6
500,5.82,301,58.60769,1,2.478566496,1.767954604,0.026,6
500,5.24,192,14.34776,1,2.283301229,1.156784103,0.0229,6
500,5.9,327,29.509275,1,2.514547753,1.46995854,0.0237,6
500,5.46,150,16.708016,1,2.176091259,1.222924882,0.0204,6
700,5.33,186,14.803248,1,2.269512944,1.170357015,0.0249,6
700,6.07,488,26.117928,1,2.688419822,1.41693872,0.0293,6
700,5.94,273,57.9914,1,2.436162647,1.763363593,0.0228,6
700,5.31,204,13.58845,1,2.309630167,1.133169921,0.0313,6
700,5.83,314,26.838685,1,2.496929648,1.428761233,0.0242,6
700,5.57,218,15.540035,1,2.338456494,1.191451993,0.0238,6
,6.59,90,3.32564,0,1.954242509,0.521875235,0.0242,6
350,6.44,96,3.49148,0,1.982271233,0.543009559,0.024,6
350,7.37,273,30.9319,0,2.436162647,1.490406597,0.0215,6
350,6.53,213,45.4429,0,2.328379603,1.657466039,0.0246,6
350,6.69,102,4.25849,0,2.008600172,0.629255632,0.022,6
350,6.95,324,15.982722,0,2.51054501,1.203650745,0.0205,6
350,6.31,128,8.088376,0,2.10720997,0.907861332,0.0198,6
500,6.49,92,3.741143,0,1.963787827,0.573004309,0.0144,6
500,7.47,317,34.67304,0,2.501059262,1.539991921,0.0202,6
500,6.54,264,57.19031,0,2.421603927,1.757322451,0.0221,6
500,6.13,90,3.947173,0,1.954242509,0.596286161,0.0211,6
500,6.96,191,17.466138,0,2.281033367,1.242196887,0.0184,6
500,6.18,161,8.044278,0,2.206825876,0.905487071,0.0171,6
700,5.92,45,3.742148,0,1.653212514,0.57312096,0.0241,6
700,7.75,466,26.50876,0,2.668385917,1.423389413,0.0252,6
700,7.4,148,52.11168,0,2.170261715,1.716935074,0.0169,6
700,6.99,77,3.78412,0,1.886490725,0.5779649,0.0193,6
700,7.53,217,17.66144,0,2.336459734,1.24702611,0.0184,6
700,7.25,121,7.078922,0,2.08278537,0.849967127,0.0234,6
,5.18,203,12.23749,1,2.307496038,1.08769235,0.021,7
350,5.25,185,12.76104,1,2.267171728,1.10588607,0.0206,7
350,5.68,488,33.59833,1,2.688419822,1.526317691,0.0223,7
350,5.63,410,49.93309,1,2.612783857,1.698388442,0.0257,7
350,5.23,168,10.77155,1,2.225309282,1.032278202,0.0247,7
350,5.7,297,24.59327,1,2.472756449,1.390816278,0.0236,7
350,5.12,253,15.79763,1,2.403120521,1.198591938,0.0235,7
500,5.16,248,12.44691,1,2.394451681,1.095061549,0.0196,7
500,5.83,542,40.19506,1,2.733999287,1.604172681,0.0246,7
500,5.78,365,58.4207,1,2.562292864,1.766566756,0.0245,7
500,5.37,221,12.454275,1,2.344392274,1.095318451,0.0199,7
500,5.66,331,26.0881,1,2.519827994,1.416442451,0.0226,7
500,5.47,223,15.6806,1,2.348304863,1.195362676,0.0193,7
700,5.42,141,12.14205,1,2.149219113,1.084292017,0.019,7
700,6.16,480,37.3282,1,2.681241237,1.572037048,0.0225,7
700,5.92,309,58.837,1,2.489958479,1.769650521,0.0207,7
700,5.33,159,12.3502,1,2.201397124,1.091673991,0.0172,7
700,5.82,324,27.337,1,2.51054501,1.436750853,0.0218,7
700,5.59,166,15.368375,1,2.220108088,1.186627949,0.0238,7
,6.06,82,2.71627,0,1.913813852,0.433972937,0.0235,7
350,5.96,105,2.67501,0,2.021189299,0.42732541,0.0219,7
350,6.98,307,30.29165,0,2.487138375,1.48132293,0.0222,7
350,6.73,304,40.19405,0,2.482873584,1.604161768,0.0235,7
350,6.22,98,3.41769,0,1.991226076,0.533732668,0.0219,7
350,6.99,289,15.3349,0,2.460897843,1.185680948,0.0236,7
350,6.13,121,5.89329,0,2.08278537,0.770357813,0.023,7
500,6.06,134,3.37643,0,2.127104798,0.52845775,0.0196,7
500,7.49,558,36.48065,0,2.746634199,1.562062568,0.0236,7
500,6.77,276,61.03035,0,2.440909082,1.785545861,0.0223,7
500,5.97,105,3.26267,0,2.021189299,0.51357315,0.0246,7
500,7.09,178,19.21905,0,2.250420002,1.283731917,0.0246,7
500,6.41,120,7.16461,0,2.079181246,0.855192555,0.0232,7
700,6.05,91,2.992855,0,1.959041392,0.476085676,0.023,7
700,7.17,399,28.4757,0,2.600972896,1.454474409,0.0256,7
700,6.67,118,57.1176,0,2.071882007,1.756769951,0.0185,7
700,5.91,70,2.93059,0,1.84509804,0.466955063,0.0231,7
700,6.95,203,18.492625,0,2.307496038,1.266998563,0.0244,7
700,6.43,127,6.396675,0,2.103803721,0.805954286,0.0237,7
,5.85,225,23.12733,1,2.352182518,1.364125497,0.0178,7
350,5.17,168,11.92336,1,2.225309282,1.076398657,0.0181,7
350,5.77,450,36.11137,1,2.653212514,1.557643965,0.0262,7
350,5.73,349,50.14251,1,2.542825427,1.70020607,0.0233,7
350,5.21,192,11.92336,1,2.283301229,1.076398657,0.0206,7
350,6.8,262,,1,2.418301291,,0.023,7
350,5.32,182,15.90234,1,2.260071388,1.201461035,0.023,7
500,5.48,150,11.71394,1,2.176091259,1.068702995,0.018,7
500,6.14,454,40.6139,1,2.657055853,1.608674695,0.029,7
500,5.91,335,60.5022,1,2.525044807,1.781771167,0.0248,7
500,5.38,165,10.997225,1,2.217483944,1.041283111,0.0233,7
500,5.8,264,25.2555,1,2.421603927,1.402355971,0.0195,7
500,5.36,249,16.409125,1,2.396199347,1.215085423,0.0226,7
700,5.4,149,11.72575,1,2.173186268,1.069140631,0.0253,7
700,5.9,562,37.432275,1,2.749736316,1.573246223,0.0244,7
700,5.86,252,62.1674,1,2.401400541,1.793562704,0.0253,7
700,5.45,176,12.870575,1,2.245512668,1.10959795,0.0221,7
700,5.96,204,28.273675,1,2.309630167,1.451382262,0.025,7
700,5.79,200,16.0969,1,2.301029996,1.206742246,0.0247,7
,6.42,83,2.88131,0,1.919078092,0.459589987,0.0253,7
350,6.07,89,2.79879,0,1.949390007,0.446970314,0.022,7
350,7.2,303,28.64125,0,2.481442629,1.456991968,0.0248,7
350,6.45,280,40.40035,0,2.447158031,1.606385128,0.0266,7
350,6.49,103,3.10824,0,2.012837225,0.492514545,0.0199,7
350,6.73,281,16.779,0,2.44870632,1.224766074,0.022,7
350,6.43,172,6.26463,0,2.235528447,0.796895426,0.0129,7
500,6.71,78,3.08761,0,1.892094603,0.489622439,0.026,7
500,7.3,459,36.89325,0,2.661812686,1.566946915,0.0236,7
500,5.12,183,,0,2.26245109,,0.0238,7
500,6.27,88,3.26267,0,1.944482672,0.51357315,0.0198,7
500,6.55,255,17.55865,0,2.40654018,1.244491122,0.0171,7
500,6.64,152,8.24387,0,2.181843588,0.916131135,0.0216,7
700,6.63,86,3.158895,0,1.934498451,0.49953519,0.0243,7
700,7.45,324,29.3059,0,2.51054501,1.466955063,0.0226,7
700,6.67,155,55.4572,0,2.190331698,1.743957939,0.0224,7
700,6.36,92,3.42871,0,1.963787827,0.535130754,0.0265,7
700,7.31,245,17.662425,0,2.389166084,1.247050331,0.0226,7
700,7,120,7.351405,0,2.079181246,0.866370349,0.0212,7
,5.37,190,12.13278,1,2.278753601,1.083960323,0.0242,7
350,5.1,205,12.55162,1,2.311753861,1.098699783,0.0191,7
350,5.78,498,37.36789,1,2.697229343,1.572498576,0.025,7
350,5.83,326,48.36244,1,2.5132176,1.684508204,0.0228,7
350,5.25,194,11.92336,1,2.28780173,1.076398657,0.0228,7
350,5.55,335,25.32624,1,2.525044807,1.403570718,0.0227,7
350,5.16,265,15.90234,1,2.423245874,1.201461035,0.0218,7
500,5.34,210,12.55162,1,2.322219295,1.098699783,0.022,7
500,6.11,518,42.39397,1,2.71432976,1.627304088,0.0238,7
500,5.8,348,57.1718,1,2.541579244,1.757181866,0.023,7
500,5.5,211,11.9339,1,2.324282455,1.076782394,0.0218,7
500,5.78,361,25.87995,1,2.557507202,1.412963433,0.0188,7
500,5.58,225,15.6806,1,2.352182518,1.195362676,0.0191,7
700,5.22,182,12.870575,1,2.260071388,1.10959795,0.0184,7
700,5.96,534,38.9934,1,2.727541257,1.590991105,0.0242,7
700,5.76,258,61.7511,1,2.411619706,1.790644698,0.0214,7
700,5.15,176,12.3502,1,2.245512668,1.091673991,0.0212,7
700,5.66,320,27.337,1,2.505149978,1.436750853,0.0241,7
700,5.56,185,15.2643,1,2.267171728,1.183676893,0.0213,7
,6.45,94,3.02572,0,1.973127854,0.480828736,0.019,7
350,6.7,92,3.06698,0,1.963787827,0.486710944,0.0211,7
350,7.24,533,29.7759,0,2.726727209,1.473864897,0.025,7
350,6.81,210,44.11375,0,2.322219295,1.644573978,0.0204,7
350,5.88,92,3.31454,0,1.963787827,0.520423264,0.0223,7
350,6.56,268,17.50105,0,2.428134794,1.243064106,0.022,7
350,6.72,138,5.91392,0,2.139879086,0.771875445,0.0194,7
500,6.26,86,3.10824,0,1.934498451,0.492514545,0.0233,7
500,7.54,317,35.03655,0,2.501059262,1.544521335,0.0235,7
500,6.8,259,60.102,0,2.413299764,1.778888924,0.0226,7
500,6.5,97,3.30418,0,1.986771734,0.519063698,0.0216,7
500,7.24,174,19.322825,0,2.240549248,1.286070621,0.0223,7
500,6.33,115,7.891035,0,2.06069784,0.89713397,0.0169,7
700,6.05,86,3.05512,0,1.934498451,0.485028273,0.0196,7
700,7.27,272,28.0606,0,2.434568904,1.448096953,0.0263,7
700,6.46,135,52.1364,0,2.130333768,1.71714104,0.0167,7
700,6.15,84,3.657015,0,1.924279286,0.563126742,0.0196,7
700,7.01,263,17.039775,0,2.419955748,1.231463856,0.0197,7
700,6.36,117,7.45518,0,2.068185862,0.872458134,0.0211,7
,5.16,229,12.23749,1,2.359835482,1.08769235,0.0146,7
350,5.05,260,14.22698,1,2.414973348,1.153112721,0.0214,7
350,5.79,528,34.3313,1,2.722633923,1.535690249,0.0211,7
350,5.7,361,50.24722,1,2.557507202,1.701112039,0.0232,7
350,5.26,218,11.92336,1,2.338456494,1.076398657,0.0186,7
350,5.65,376,24.59327,1,2.575187845,1.390816278,0.0208,7
350,5.42,238,15.69292,1,2.376576957,1.195703761,0.0222,7
500,5.3,182,11.08568,1,2.260071388,1.044762338,0.0195,7
500,5.91,598,42.7081,1,2.776701184,1.630510251,0.0236,7
500,5.83,315,59.6696,1,2.498310554,1.775753127,0.0255,7
500,5.43,185,11.205375,1,2.267171728,1.049426395,0.0188,7
500,5.61,324,25.6718,1,2.51054501,1.409456321,0.026,7
500,5.52,219,15.992825,1,2.340444115,1.203925185,0.0229,7
700,5.25,209,11.9339,1,2.320146286,1.076782394,0.0192,7
700,6.16,493,36.599675,1,2.692846919,1.563477229,0.021,7
700,5.76,275,58.62885,1,2.439332694,1.768111376,0.0226,7
700,5.25,197,12.55835,1,2.294466226,1.098932583,0.0186,7
700,5.62,350,26.608475,1,2.544068044,1.425019985,0.0221,7
700,5.63,196,15.576525,1,2.292256071,1.192470576,0.0231,7
,6.66,94,2.92257,0,1.973127854,0.465764922,0.0172,7
350,6.48,94,2.9432,0,1.973127854,0.468819775,0.0192,7
350,7.23,297,28.22865,0,2.472756449,1.450690109,0.0225,7
350,6.53,240,41.7413,0,2.380211242,1.620565971,0.0249,7
350,6.25,105,3.50021,0,2.021189299,0.544094101,0.0214,7
350,6.96,213,18.842,0,2.328379603,1.275126999,0.0213,7
350,6.57,124,6.20274,0,2.093421685,0.792583577,0.0179,7
500,6.4,89,3.10824,0,1.949390007,0.492514545,0.0206,7
500,7.26,312,37.409,0,2.494154594,1.572976099,0.0241,7
500,6.51,295,62.165,0,2.469822016,1.793545938,0.0248,7
500,6.11,97,3.366445,0,1.986771734,0.527171523,0.0192,7
500,6.98,195,18.700175,0,2.290034611,1.271845671,0.0208,7
500,6.38,123,7.019325,0,2.089905111,0.846295351,0.0189,7
700,6.12,94,3.117385,0,1.973127854,0.493790441,0.0212,7
700,7.65,312,28.0606,0,2.494154594,1.448096953,0.0219,7
700,6.96,149,,0,2.173186268,,0.0215,7
700,6.34,95,3.09663,0,1.977723605,0.490889317,0.0195,7
700,7.37,187,17.55865,0,2.271841607,1.244491122,0.0258,7
700,6.6,119,7.102345,0,2.075546961,0.851401765,0.0196,7
,5.06,265,12.70157,1,2.423245874,1.103857406,0.0203,8
350,5.05,249,11.569285,1,2.396199347,1.06330652,0.0206,8
350,5.67,606,34.626725,1,2.782472624,1.539411418,0.0297,8
350,5.62,471,50.478715,1,2.673020907,1.703108291,0.0387,8
350,5.06,359,13.010375,1,2.555094449,1.114289814,0.0219,8
350,5.55,363,26.597795,1,2.559906625,1.424845634,0.0304,8
350,5.19,397,16.510165,1,2.598790507,1.217751414,0.031,8
500,5.17,251,13.833855,1,2.399673721,1.140943219,0.0264,8
500,5.72,699,44.508485,1,2.844477176,1.648442812,0.0321,8
500,5.72,478,70.03196,1,2.679427897,1.845296281,0.0541,8
500,4.92,404,14.95174,1,2.606381365,1.174691736,0.0251,8
500,5.64,410,31.19422,1,2.612783857,1.494074131,0.0368,8
500,4.99,409,21.85214,1,2.611723308,1.339493974,0.0239,8
700,5.13,205,14.84558,1,2.311753861,1.17159717,0.0263,8
700,5.92,641,43.1903,1,2.80685803,1.635386221,0.0384,8
700,5.71,390,65.36092,1,2.591064607,1.815318157,0.0251,8
700,5.51,165,15.0579,1,2.217483944,1.177764409,0.0313,8
700,5.87,275,27.47862,1,2.439332694,1.438994918,0.0367,8
700,5.62,227,18.87966,1,2.356025857,1.275994169,0.0304,8
,6.06,99,2.373573,0,1.995635195,0.375402593,0.0242,8
350,6.01,128,3.317539,0,2.10720997,0.520816037,0.0205,8
350,6.64,437,27.053405,0,2.640481437,1.432221934,0.0221,8
350,6.83,224,47.67701,0,2.350248018,1.678309011,0.016,8
350,6.08,152,3.461186,0,2.181843588,0.539224938,0.021,8
350,6.5,288,17.30593,0,2.459392488,1.238194943,0.0139,8
350,5.84,220,8.160495,0,2.342422681,0.911716503,0.0128,8
500,5.81,119,3.050766,0,2.075546961,0.484408898,0.0112,8
500,7.18,377,34.95399,0,2.57634135,1.543496758,0.0154,8
500,6.81,259,33.620125,0,2.413299764,1.526599324,0.0197,8
500,5.56,198,3.854404,0,2.29666519,0.585957233,0.0173,8
500,6.79,220,19.47933,0,2.342422681,1.289574015,0.0279,8
500,6.26,166,7.896949,0,2.220108088,0.897459333,0.0184,8
700,6.02,116,3.191012,0,2.064457989,0.503928437,0.0133,8
700,7.4,430,31.4955,0,2.633468456,1.498248507,0.0185,8
700,6.43,196,57.82387,0,2.292256071,1.762107154,0.0119,8
700,6.15,102,3.543439,0,2.008600172,0.549424961,0.0142,8
700,6.7,295,18.546435,0,2.469822016,1.268260442,0.026,8
700,6.2,148,6.88113,0,2.170261715,0.837659763,0.0167,8
,5.21,226,12.392765,1,2.354108439,1.093168214,0.026,8
350,5.25,217,10.745805,1,2.336459734,1.031238955,0.0306,8
350,5.65,462,33.70031,1,2.664641976,1.527633896,0.0383,8
350,5.85,318,46.67012,1,2.50242712,1.669038918,0.0333,8
350,5.14,223,11.67222,1,2.348304863,1.067153465,0.035,8
350,5.54,395,25.87725,1,2.596597096,1.412918122,0.0198,8
350,5.18,253,15.480815,1,2.403120521,1.189793821,0.0354,8
500,5.16,217,12.392765,1,2.336459734,1.093168214,0.0299,8
500,5.86,535,41.93511,1,2.728353782,1.622577787,0.0462,8
500,5.85,373,63.87468,1,2.571708832,1.805328737,0.033,8
500,5.31,162,12.51006,1,2.209515015,1.097259393,0.037,8
500,5.6,318,26.94782,1,2.50242712,1.430523638,0.0406,8
500,4.95,246,18.45502,1,2.390935107,1.26611452,0.0296,8
700,5.38,186,14.84558,1,2.269512944,1.17159717,0.0301,8
700,5.78,629,41.49174,1,2.798650645,1.617961648,0.0465,8
700,5.85,284,69.60732,1,2.45331834,1.842654913,0.034,8
700,5.41,152,14.31478,1,2.181843588,1.155784678,0.0301,8
700,5.7,346,30.34494,1,2.539076099,1.482086283,0.0187,8
700,5.48,215,18.45502,1,2.33243846,1.26611452,0.0224,8
,6.21,111,2.701909,0,2.045322979,0.431670718,0.0179,8
350,5.91,133,3.502228,0,2.123851641,0.544344416,0.011,8
350,6.77,437,29.41332,0,2.640481437,1.468544048,0.0142,8
350,6.67,304,41.93113,0,2.482873584,1.622536566,0.0235,8
350,6.68,102,2.701909,0,2.008600172,0.431670718,0.0199,8
350,6.63,256,17.408535,0,2.408239965,1.240762225,0.0205,8
350,6.35,154,6.149437,0,2.187520721,0.788835357,0.0203,8
500,6.04,122,3.173892,0,2.086359831,0.501592145,0.0181,8
500,6.83,386,33.72273,0,2.586587305,1.527922725,0.0217,8
500,6.89,323,32.388865,0,2.509202522,1.510395729,0.0132,8
500,6.23,153,3.315398,0,2.184691431,0.520535671,0.0154,8
500,6.57,301,21.656085,0,2.478566496,1.335579947,0.0179,8
500,6.35,108,7.772563,0,2.033423755,0.890564251,0.0168,8
700,6.96,79,2.382503,0,1.897627091,0.377033456,0.0198,8
700,7.23,413,29.00778,0,2.615950052,1.462514493,0.0178,8
700,6.55,162,55.75077,0,2.209515015,1.74625087,0.0169,8
700,6.35,110,3.916597,0,2.041392685,0.592908887,0.0112,8
700,7.37,198,16.7843,0,2.29666519,1.224903233,0.0215,8
700,6.94,142,7.005516,0,2.152288344,0.845440129,0.0159,8
,4.96,311,12.598635,1,2.492760389,1.100323494,0.0268,8
350,4.86,366,13.31918,1,2.563481085,1.124477488,0.0341,8
350,5.46,667,38.22945,1,2.824125834,1.58239805,0.0371,8
350,5.69,329,50.478715,1,2.517195898,1.703108291,0.0398,8
350,5.12,244,12.08396,1,2.387389826,1.082209279,0.0198,8
350,5.16,471,26.9066,1,2.673020907,1.429858822,0.0407,8
350,5.24,197,16.6131,1,2.294466226,1.220450679,0.0258,8
500,4.98,343,14.451465,1,2.53529412,1.159911875,0.0291,8
500,5.65,626,43.067395,1,2.796574333,1.634148604,0.0243,8
500,5.71,479,65.36092,1,2.680335513,1.815318157,0.0338,8
500,4.92,366,15.16406,1,2.563481085,1.180815494,0.032,8
500,5.56,421,30.9819,1,2.624282096,1.491108048,0.0366,8
500,5.16,364,20.15358,1,2.561101384,1.304352204,0.0344,8
700,5.19,264,15.80102,1,2.421603927,1.198685123,0.0227,8
700,5.93,546,42.1287,1,2.737192643,1.624578058,0.0356,8
700,5.73,277,63.87468,1,2.442479769,1.805328737,0.0281,8
700,4.95,321,16.86262,1,2.506505032,1.226925053,0.031,8
700,5.4,393,31.5127,1,2.59439255,1.498485615,0.0272,8
700,5.37,311,20.57822,1,2.492760389,1.313407806,0.0271,8
,6.3,109,2.845556,0,2.037426498,0.454167137,0.0368,8
350,,138,3.214934,0,2.139879086,0.507172062,0.0147,8
350,6.82,340,28.79769,0,2.531478917,1.459357652,0.0187,8
350,6.84,260,45.932725,0,2.414973348,1.662122211,0.0176,8
350,5.56,169,4.343589,0,2.227886705,0.637848725,0.0144,8
350,6.18,275,19.665845,0,2.439332694,1.293712612,0.0188,8
350,6.71,207,7.380697,0,2.315970345,0.868097377,0.0145,8
500,6.83,102,2.845556,0,2.008600172,0.454167137,0.018,8
500,7.16,377,36.59567,0,2.57634135,1.563429703,0.0307,8
500,6.82,310,30.23416,0,2.491361694,1.480497907,0.019,8
500,5.52,117,3.626363,0,2.068185862,0.559471275,0.0116,8
500,6.53,318,19.790295,0,2.50242712,1.296452268,0.0201,8
500,5.92,202,7.896949,0,2.305351369,0.897459333,0.0192,8
700,6.86,87,2.423965,0,1.939519253,0.384526345,0.0163,8
700,7.18,407,30.45895,0,2.609594409,1.483714928,0.0291,8
700,7.11,147,58.4458,0,2.167317335,1.766753308,0.0176,8
700,5.81,152,4.103176,0,2.181843588,0.613120146,0.0173,8
700,6.87,349,19.790295,0,2.542825427,1.296452268,0.0165,8
700,6.2,115,8.083528,0,2.06069784,0.907600947,0.0152,8
,4.91,408,13.833855,1,2.610660163,1.140943219,0.0251,8
350,5.24,240,11.775155,1,2.380211242,1.070966633,0.0267,8
350,5.46,618,34.626725,1,2.790988475,1.539411418,0.0305,8
350,5.67,316,50.16991,1,2.499687083,1.700443322,0.0274,8
350,5.31,209,11.363415,1,2.320146286,1.055508868,0.0271,8
350,5.36,402,26.803665,1,2.604226053,1.428194181,0.0316,8
350,5.1,371,17.745385,1,2.56937391,1.249085426,0.0302,8
500,4.93,344,14.76027,1,2.536558443,1.169094302,0.0356,8
500,5.7,543,42.655655,1,2.73479983,1.629976615,0.0386,8
500,5.71,376,67.90876,1,2.575187845,1.8319258,0.0269,8
500,5.25,216,13.25318,1,2.334453751,1.122320096,0.0292,8
500,5.5,387,30.13262,1,2.587710965,1.479036895,0.0365,8
500,5.21,301,16.96878,1,2.478566496,1.229650619,0.0258,8
700,5.15,339,15.48254,1,2.530199698,1.189842211,0.0262,8
700,5.73,672,44.46422,1,2.827369273,1.648010678,0.0277,8
700,5.88,281,66.2102,1,2.44870632,1.8209249,0.0301,8
700,4.89,347,17.49958,1,2.540329475,1.243027625,0.0239,8
700,5.65,315,30.4511,1,2.498310554,1.483602985,0.0298,8
700,5.57,217,18.34886,1,2.336459734,1.263609087,0.0292,8
,6.08,149,3.297018,0,2.173186268,0.518121318,0.0244,8
350,6.09,170,3.912648,0,2.230448921,0.592470779,0.0146,8
350,7.29,449,32.08105,0,2.652246341,1.506248574,0.0198,8
350,6.58,258,43.264995,0,2.411619706,1.636136658,0.0455,8
350,6.37,133,3.522749,0,2.123851641,0.5468817,0.0182,8
350,6.76,309,20.486685,0,2.489958479,1.31147169,0.0146,8
350,6.03,145,7.606428,0,2.161368002,0.881180759,0.0124,8
500,6.11,199,3.933169,0,2.298853076,0.594742608,0.011,8
500,7.35,413,41.623315,0,2.615950052,1.619336666,0.0194,8
500,6.33,349,31.055,0,2.542825427,1.492131534,0.0167,8
500,5.55,151,3.77148,0,2.178976947,0.576511809,0.0195,8
500,7.17,224,20.204915,0,2.350248018,1.305457028,0.0205,8
500,6.02,192,8.187183,0,2.283301229,0.913134498,0.0185,8
700,5.7,167,4.1861,0,2.222716471,0.621809599,0.0096,8
700,7.42,419,30.87357,0,2.622214023,1.489586851,0.0277,8
700,6.96,164,54.09229,0,2.214843848,1.733135368,0.0221,8
700,6.57,96,3.605632,0,1.982271233,0.556981399,0.0167,8
700,7.21,274,19.47933,0,2.437750563,1.289574015,0.0195,8
700,6.45,204,7.440867,0,2.309630167,0.871623542,0.0084,8
